{
  "tpro": 1122.562784408055,
  "RuadaptQwen2.5-32B-Pro-Beta": 1092.8205833987458,
  "llama3-70b": 1017.3255904554762,
  "RuadaptQwen2.5-7B-Lite-Beta": 1008.675673765194,
  "tlite": 952.9659319291436,
  "vikhr12b": 946.8810931635289,
  "yagpt5lite": 681.50553680073
}