{
  "tpro": 1015.8401279905927,
  "RuadaptQwen2.5-32B-Pro-Beta": 960.6872356471674,
  "llama3-70b": 901.6817161602455,
  "tlite": 892.3083966853546,
  "vikhr12b": 885.1695889663855,
  "RuadaptQwen2.5-7B-Lite-Beta": 876.3050214125913,
  "yagpt5lite": 812.7736689528099
}