{
  "tpro": 1131.0550410746366,
  "RuadaptQwen2.5-32B-Pro-Beta": 1105.790996233197,
  "llama3-70b": 1038.6301610714277,
  "RuadaptQwen2.5-7B-Lite-Beta": 1012.2665829865214,
  "tlite": 966.1193412083053,
  "vikhr12b": 955.1278760582345,
  "yagpt5lite": 750.3162779085457
}