{
  "tpro": 1157.1400560154639,
  "RuadaptQwen2.5-32B-Pro-Beta": 1093.8204224711094,
  "llama3-70b": 1014.3629509536927,
  "vikhr12b": 983.3214479514072,
  "RuadaptQwen2.5-7B-Lite-Beta": 978.3747500919253,
  "tlite": 975.898679922574,
  "yagpt5lite": 830.1299201146072
}